batter_name,PA_all,PA_high,wOBA_all,wOBA_high,OPS_all,OPS_high,K%_all,K%_high,ClutchFactor,LI_used_in_flag
colt keith,468,50.0,0.334475374732334,0.5091836734693878,0.7475320637388263,1.2117073170731707,0.21794871794871795,0.18,1.6729788430769912,False
noelvi marte,361,62.0,0.3414325842696629,0.5040983606557377,0.7478944781255121,1.13039912520503,0.23545706371191136,0.1774193548387097,1.5232456480805985,False
yoán moncada,289,52.0,0.3470486111111111,0.5049019607843137,0.7855597392379454,1.177767354596623,0.25951557093425603,0.23076923076923078,1.479289764979794,False
kyle schwarber,726,119.0,0.3967270194986073,0.506896551724138,0.9251940366450438,1.2348518354710305,0.2699724517906336,0.19327731092436976,1.195397558113768,False
james wood,691,92.0,0.36430678466076694,0.4780898876404494,0.8236240310077519,1.1348413631022325,0.31982633863965265,0.2826086956521739,1.166761000997084,False
cole young,257,55.0,0.28641732283464566,0.41346153846153844,0.6092805615129655,0.8278388278388278,0.1828793774319066,0.2,1.0293943504118048,False
sean murphy,337,72.0,0.3172155688622755,0.4064285714285714,0.7113299174846184,0.9650159018627896,0.3086053412462908,0.25,0.9948420322904524,False
j. t. realmuto,550,86.0,0.3134790528233151,0.4176470588235294,0.7013119682442391,0.971474617244158,0.23454545454545456,0.2558139534883721,0.9918402884194606,False
xavier edwards,620,101.0,0.32225859247135846,0.4296875,0.6959613757288419,0.9413906506929763,0.1403225806451613,0.15841584158415842,0.9752661254632174,False
isaac paredes,439,68.0,0.36112385321100915,0.44850746268656716,0.8088671259426529,1.0405056759545923,0.17084282460136674,0.10294117647058823,0.9657533386908835,False
tyler soderstrom,624,86.0,0.3590322580645161,0.4566265060240964,0.8214201787116484,1.0001550387596898,0.22435897435897437,0.16279069767441862,0.9295430169051541,False
dylan crews,322,56.0,0.2890282131661442,0.37636363636363634,0.6310389417675365,0.8303571428571428,0.2360248447204969,0.21428571428571427,0.8630615045990215,False
luis garcía,528,76.0,0.3116412213740458,0.4027027027027027,0.7030749872203217,0.9107246376811594,0.1590909090909091,0.18421052631578946,0.8357814123210946,False
gabriel moreno,309,52.0,0.3534426229508197,0.4322916666666667,0.7882618563247451,0.9626082991336069,0.1715210355987055,0.11538461538461539,0.8290159715207772,False
adam frazier,460,93.0,0.30855263157894736,0.3966666666666667,0.6858716173694147,0.9065934065934066,0.17608695652173914,0.21505376344086022,0.8240922465773926,False
spencer torkelson,649,89.0,0.3459564541213064,0.42151162790697677,0.7918868528181988,0.9461610486891385,0.2588597842835131,0.19101123595505617,0.7988529691994765,False
william contreras,660,101.0,0.3495412844036697,0.42424242424242425,0.7563872303933465,0.9217239370995922,0.1787878787878788,0.12871287128712872,0.7893003736274539,False
marcus semien,535,98.0,0.30412757973733584,0.37959183673469393,0.6729432563996997,0.8496998799519808,0.17383177570093458,0.17346938775510204,0.7491688262121525,False
fernando tatís,692,110.0,0.3729074889867841,0.4390476190476191,0.8134940932894897,1.006334643949323,0.18497109826589594,0.17272727272727273,0.7431513519962737,False
jonathan india,567,88.0,0.30805309734513275,0.3879310344827586,0.6705445438588981,0.8908045977011494,0.18694885361552027,0.26136363636363635,0.7420258257256086,False
jorge soler,315,57.0,0.3114285714285714,0.38596491228070173,0.6829167098848667,0.8647959183673469,0.2984126984126984,0.3157894736842105,0.7307483470848879,False
randal grichuk,293,61.0,0.30034246575342466,0.37416666666666665,0.6765973630831643,0.8366407822835777,0.20819112627986347,0.21311475409836064,0.7110080126654361,False
hunter goodman,579,78.0,0.37256944444444445,0.4333333333333333,0.844460491687528,1.0182648401826484,0.2607944732297064,0.24358974358974358,0.6965773233389471,False
adley rutschman,367,51.0,0.3049315068493151,0.3598039215686275,0.6710468459326907,0.8302139037433156,0.1553133514986376,0.09803921568627451,0.6964266075650832,False
manny machado,679,119.0,0.3506676557863501,0.4143478260869565,0.7962108366411037,0.9542009353330108,0.18998527245949925,0.16806722689075632,0.6931131341243978,False
daulton varsho,271,58.0,0.35240740740740745,0.4052631578947369,0.8378607809847198,0.9950347567030784,0.28413284132841327,0.22413793103448276,0.6874187092988945,False
jesús sánchez,498,75.0,0.3126008064516129,0.3783783783783784,0.6982407936054811,0.8466666666666667,0.21686746987951808,0.2,0.6830156417876782,False
pete alonso,709,104.0,0.3746088193456615,0.4387254901960784,0.875467032967033,1.0217339948027404,0.22849083215796898,0.22115384615384615,0.6606048057815976,False
kody clemens,387,57.0,0.31230366492146594,0.36727272727272725,0.7146490906506469,0.8612637362637363,0.24031007751937986,0.21052631578947367,0.6455106733098268,False
ryan mcmahon,588,96.0,0.3103595890410959,0.36947368421052634,0.692468262331276,0.8169642857142857,0.3197278911564626,0.2916666666666667,0.6309119225534333,False
javier báez,437,77.0,0.3024027459954233,0.36038961038961037,0.6821461998992031,0.8513328776486672,0.2494279176201373,0.2727272727272727,0.6279187486057533,False
geraldo perdomo,723,122.0,0.3879407616361072,0.4588495575221239,0.8521424104034647,0.937650323774283,0.11479944674965421,0.09836065573770492,0.6157687609620497,False
george springer,586,85.0,0.4186426116838488,0.4738095238095238,0.9619800942902043,1.096774193548387,0.189419795221843,0.18823529411764706,0.5947810007633922,False
kyle higashioka,328,70.0,0.3141104294478528,0.37785714285714284,0.6927268324184694,0.7997658079625293,0.21341463414634146,0.21428571428571427,0.5923832460497076,False
jorge polanco,524,98.0,0.35442307692307695,0.4057291666666667,0.8241495087147583,0.9538479980819947,0.15648854961832062,0.14285714285714285,0.5844501345036063,False
kyle farmer,300,50.0,0.2916107382550336,0.34600000000000003,0.6465001332590313,0.7055813953488372,0.22,0.14,0.5773690865094112,False
pete crow-armstrong,641,88.0,0.34071428571428575,0.3885542168674699,0.7808151898039539,0.8817496229260935,0.23712948517940718,0.18181818181818182,0.5772180184637861,False
ceddanne rafaela,589,110.0,0.31523972602739725,0.3680555555555556,0.706929307069293,0.7854030501089324,0.19864176570458403,0.14545454545454545,0.5655240653400151,False
tommy pham,450,80.0,0.324436936936937,0.3813333333333333,0.701541012665466,0.7817622950819672,0.2088888888888889,0.175,0.5637631047013384,False
trey sweeney,326,53.0,0.25679012345679014,0.32452830188679244,0.5514101057579318,0.6714402618657938,0.2822085889570552,0.33962264150943394,0.5613419897587404,False
wilyer abreu,417,78.0,0.34148418491484184,0.3904109589041096,0.788781491603321,0.9064935064935065,0.2422062350119904,0.23076923076923078,0.5533901119977007,False
bo naylor,414,86.0,0.2997566909975669,0.34464285714285714,0.6652498366518793,0.7894041921109094,0.2391304347826087,0.22093023255813954,0.5519754958063651,False
josé caballero,371,75.0,0.32814207650273225,0.3901408450704225,0.6857577734290063,0.7559523809523809,0.2641509433962264,0.25333333333333335,0.5452365771258795,False
wenceel pérez,383,57.0,0.31971279373368144,0.35964912280701755,0.7424018703088471,0.8291380625476735,0.22715404699738903,0.15789473684210525,0.5366814445972733,False
carlos correa,587,75.0,0.33296041308089497,0.37666666666666665,0.7310580204778157,0.8461538461538463,0.19080068143100512,0.17333333333333334,0.5325124801459011,False
nick allen,416,57.0,0.25761670761670763,0.2990909090909091,0.537093607533859,0.6333951762523191,0.23798076923076922,0.19298245614035087,0.5283001256109998,False
ernie clement,588,102.0,0.32219343696027636,0.3734693877551021,0.7141373598369012,0.7919254658385093,0.10374149659863946,0.0784313725490196,0.5235994107494274,False
mookie betts,664,115.0,0.32821482602118,0.36666666666666664,0.73535997512051,0.8531647807637907,0.10240963855421686,0.0782608695652174,0.5199421408582896,False
alejandro kirk,506,85.0,0.34135188866799204,0.3869047619047619,0.7732860310421286,0.8964806594800254,0.11462450592885376,0.12941176470588237,0.5137857963585961,False
harrison bader,503,99.0,0.3531062124248497,0.3828282828282828,0.7946666666666666,0.903061224489796,0.27037773359840955,0.2222222222222222,0.49462027547019277,False
luis rengifo,543,112.0,0.28903345724907065,0.3348623853211009,0.6215655971407179,0.7202020202020202,0.18968692449355432,0.19642857142857142,0.4894055625383476,False
danny jansen,340,70.0,0.32782738095238095,0.36571428571428566,0.7156637808844973,0.7997658079625293,0.2529411764705882,0.21428571428571427,0.4862655009919961,False
ozzie albies,668,111.0,0.31,0.3513761467889908,0.6719307182883342,0.757325746799431,0.1407185628742515,0.11711711711711711,0.4862216094166991,False
caleb durbin,507,99.0,0.33250497017892644,0.3747474747474748,0.7216502242152467,0.8327348546275918,0.09861932938856016,0.1111111111111111,0.4836291987345851,False
alek thomas,470,86.0,0.30314533622559653,0.34397590361445785,0.6599679422961331,0.7692429521697814,0.25957446808510637,0.26744186046511625,0.48001648134849656,False
angel martínez,484,97.0,0.2859081419624217,0.3463917525773196,0.6303233419872551,0.7443181818181819,0.22727272727272727,0.31958762886597936,0.4764900390797517,False
mitch garver,290,68.0,0.2897923875432526,0.32238805970149254,0.642171252983621,0.7685475444096134,0.27586206896551724,0.27941176470588236,0.4714036257753566,False
shohei ohtani,717,114.0,0.4327116212338594,0.4723300970873786,1.0098781455043622,1.0780727630285152,0.2594142259414226,0.22807017543859648,0.4625762286559,False
ke'bryan hayes,570,109.0,0.28306595365418896,0.3292452830188679,0.5959958040462892,0.696969696969697,0.19298245614035087,0.22935779816513763,0.45854996922987956,False
tyrone taylor,341,65.0,0.27596439169139464,0.3103174603174603,0.5999518536350505,0.6840572033898304,0.22287390029325513,0.2,0.4506516868520572,False
steven kwan,698,125.0,0.3173691860465116,0.35040650406504065,0.7028239202657807,0.8095238095238095,0.08595988538681948,0.088,0.4469258633783538,False
cj abrams,639,87.0,0.3313586097946288,0.36104651162790696,0.744755150469205,0.8497093023255813,0.19561815336463223,0.1839080459770115,0.4453927363721031,False
nick kurtz,490,67.0,0.4268041237113402,0.4621212121212121,1.002350859701084,1.0942760942760943,0.3081632653061224,0.31343283582089554,0.4323725115569385,False
trea turner,642,114.0,0.3704545454545454,0.4168141592920354,0.8090793918918919,0.8899749373433584,0.16666666666666666,0.21052631578947367,0.42138621897297057,False
christian walker,640,102.0,0.31752738654147106,0.348019801980198,0.7192549588776004,0.7865027882098554,0.2765625,0.24509803921568626,0.41869633723046557,False
addison barger,503,84.0,0.3301204819277109,0.36687499999999995,0.7553622559652928,0.8241915028535194,0.24055666003976142,0.23809523809523808,0.4151486696001199,False
j. p. crawford,656,131.0,0.336547433903577,0.36693548387096775,0.7201908261230295,0.7677448337825696,0.18597560975609756,0.1450381679389313,0.40127866228486364,False
yandy díaz,651,112.0,0.3797045101088647,0.4197247706422018,0.8504107610363817,0.9111558366877517,0.13978494623655913,0.15178571428571427,0.4012563543775553,False
corbin carroll,645,101.0,0.38113207547169814,0.4056701030927835,0.8811325998013466,0.9390797903319744,0.23565891472868217,0.18811881188118812,0.39690777747023126,False
anthony volpe,597,92.0,0.2929173693086003,0.3327777777777778,0.6650167202978106,0.7478310339923198,0.24958123953098826,0.29347826086956524,0.39372635935207234,False
juan soto,716,115.0,0.41128571428571425,0.44027777777777777,0.9225265380329599,1.0008116883116882,0.18994413407821228,0.19130434782608696,0.3878707572573412,False
isiah kiner-falefa,460,98.0,0.29812775330396474,0.33157894736842103,0.6306901615271658,0.6414860681114551,0.1673913043478261,0.11224489795918367,0.3797963397369229,False
nolan gorman,403,70.0,0.2982456140350877,0.32971014492753625,0.6657719546742209,0.7095238095238094,0.337468982630273,0.3142857142857143,0.3793421534010478,False
matt shaw,429,64.0,0.323536299765808,0.33515625,0.7011764705882353,0.7915398660986002,0.2097902097902098,0.1875,0.35270016664508236,False
jonathan aranda,422,74.0,0.3954326923076923,0.4154929577464789,0.8853705734373992,0.9448164396213345,0.25355450236966826,0.22972972972972974,0.3494357660111029,False
brendan donovan,517,72.0,0.3445098039215686,0.3707142857142857,0.7741208563126372,0.806497175141243,0.12959381044487428,0.1111111111111111,0.3326636931926545,False
carlos narváez,446,77.0,0.32308558558558553,0.3506666666666667,0.7270471464019852,0.7557575757575759,0.24887892376681614,0.23376623376623376,0.3297347840751656,False
mickey moniak,461,67.0,0.35032679738562095,0.38846153846153847,0.826293441732236,0.8960292580982236,0.2386117136659436,0.31343283582089554,0.32937774077366466,False
nolan arenado,437,74.0,0.30466200466200466,0.3357142857142857,0.6666149621407972,0.7492096944151738,0.10983981693363844,0.17567567567567569,0.3256842947592956,False
josh naylor,605,95.0,0.36619365609348914,0.3876344086021505,0.8171017568101067,0.8475191086928359,0.1371900826446281,0.10526315789473684,0.32384147950166997,False
bobby witt,687,104.0,0.37640532544378696,0.39801980198019804,0.855214332924181,0.9134782608695652,0.1804949053857351,0.18269230769230768,0.32350402565060626,False
vladimir guerrero,680,104.0,0.38654708520179376,0.4065656565656566,0.8500291337237922,0.9020094829532626,0.13529411764705881,0.125,0.32210190128997856,False
alec burleson,546,90.0,0.3573012939001849,0.3825842696629213,0.8038360030311741,0.8557584269662921,0.1446886446886447,0.15555555555555556,0.3210174911051563,False
iván herrera,452,65.0,0.3809151785714286,0.40555555555555556,0.8405991401229717,0.875,0.18584070796460178,0.18461538461538463,0.3073856457201362,False
rowdy tellez,313,58.0,0.31330128205128205,0.32931034482758625,0.7187986651835372,0.7758620689655172,0.26517571884984026,0.25862068965517243,0.3061626309738036,False
jackson chourio,590,95.0,0.343015332197615,0.3574468085106383,0.7722813036020584,0.834678405478112,0.20508474576271185,0.2,0.30469874852726303,False
bryce harper,580,96.0,0.3693379790940767,0.38457446808510637,0.8457781144816088,0.9066752246469834,0.20689655172413793,0.21875,0.2857999950015281,False
jeff mcneil,462,76.0,0.33585526315789477,0.3513698630136986,0.7487468671679198,0.7946570972886762,0.11688311688311688,0.11842105263157894,0.27797631545418,False
javier sanoja,342,77.0,0.31572700296735906,0.33199999999999996,0.6865852958619503,0.7242562929061784,0.11988304093567251,0.11688311688311688,0.27513414530300073,False
wyatt langford,574,90.0,0.34833333333333333,0.3649425287356322,0.7768336860227395,0.7953558052434457,0.26306620209059234,0.24444444444444444,0.2680031695239956,False
christian yelich,647,105.0,0.35612244897959183,0.3705,0.7904499904907063,0.8096308186195826,0.2534775888717156,0.22857142857142856,0.26612647616455565,False
gunnar henderson,651,91.0,0.3546021840873635,0.3668539325842696,0.7898680588718202,0.8454755121421789,0.2073732718894009,0.21978021978021978,0.26355113780383305,False
spencer steer,568,105.0,0.3270390070921986,0.34182692307692303,0.7238833736112802,0.7602636127917026,0.22711267605633803,0.22857142857142856,0.26093496382888876,False
dane myers,334,71.0,0.28018018018018015,0.29014084507042254,0.615966615966616,0.6316359696641387,0.23053892215568864,0.19718309859154928,0.2506426320141653,False
nick gonzales,409,69.0,0.3014742014742015,0.3094202898550725,0.6624911124038524,0.7083629471689172,0.17603911980440098,0.17391304347826086,0.24697561832460818,False
nolan schanuel,566,108.0,0.3440754039497307,0.3602941176470588,0.7419590376401007,0.717032967032967,0.1254416961130742,0.07407407407407407,0.24316487318150665,False
trent grisham,582,97.0,0.37134251290877796,0.37864583333333335,0.8103026825918391,0.8669975817742142,0.23539518900343642,0.24742268041237114,0.24244638779357006,False
patrick bailey,453,104.0,0.27628635346756153,0.28465346534653463,0.602880252515289,0.6348387096774194,0.2913907284768212,0.27884615384615385,0.24149239699755404,False
andrew vaughn,447,79.0,0.31748878923766816,0.33164556962025316,0.7226936856247201,0.7354312354312355,0.1789709172259508,0.17721518987341772,0.22778717057547293,False
abraham toro,285,51.0,0.3047703180212014,0.327,0.6620879120879122,0.7379406307977736,0.14736842105263157,0.2549019607843137,0.22425778120230505,False
will smith,429,86.0,0.3874413145539906,0.40058823529411763,0.890251572327044,0.9016042780748663,0.20745920745920746,0.20930232558139536,0.21671439665152664,False
gavin sheets,546,101.0,0.3328413284132841,0.3484848484848485,0.7471800782916551,0.7735411839056245,0.19597069597069597,0.22772277227722773,0.2138270637946032,False
kristian campbell,263,53.0,0.3065134099616858,0.31320754716981136,0.6655888529617654,0.6696016771488469,0.2737642585551331,0.24528301886792453,0.21266732551529474,False
brenton doyle,538,85.0,0.29728464419475653,0.3108433734939759,0.6528098133780667,0.6617238183503245,0.25464684014869887,0.25882352941176473,0.2122991711976113,False
freddy fermin,348,71.0,0.3033923303834808,0.31940298507462683,0.6336876832844576,0.6622390891840607,0.1867816091954023,0.22535211267605634,0.21044932273400166,False
bo bichette,630,104.0,0.37419871794871795,0.3897058823529412,0.8384211618710538,0.8655790211190071,0.14444444444444443,0.18269230769230768,0.20647698448360752,False
jordan walker,396,62.0,0.2773417721518987,0.2887096774193548,0.58426613662517,0.6190211345939933,0.31565656565656564,0.3548387096774194,0.1969504373694759,False
agustín ramírez,586,105.0,0.31419965576592085,0.32941176470588235,0.7012991990188939,0.7154858299595142,0.189419795221843,0.21904761904761905,0.19682821499781908,False
otto lopez,594,105.0,0.3209322033898305,0.33106796116504855,0.6739076341196377,0.6748733535967579,0.13804713804713806,0.13333333333333333,0.19559802858518432,False
trevor larnach,567,84.0,0.3302654867256637,0.34404761904761905,0.730364243112752,0.7890295358649788,0.21516754850088182,0.2976190476190476,0.19034349276534573,False
jose iglesias,343,70.0,0.2980769230769231,0.3098484848484848,0.5938209111537791,0.5816976127320955,0.16326530612244897,0.15714285714285714,0.18607792116881514,False
jordan beck,589,85.0,0.33063139931740615,0.3252941176470588,0.7316802321913054,0.7482142857142857,0.29541595925297115,0.25882352941176473,0.18429484334078639,False
cal raleigh,706,129.0,0.4034883720930233,0.4128205128205128,0.9478259004839275,0.930002302555837,0.26487252124645894,0.24806201550387597,0.17939106262476376,False
brooks lee,528,92.0,0.29611005692599623,0.31467391304347825,0.653061224489796,0.6662248144220573,0.17045454545454544,0.22826086956521738,0.1769186477833784,False
francisco lindor,732,116.0,0.3585281980742778,0.3539473684210526,0.8148040265581495,0.8233700559869965,0.17896174863387979,0.14655172413793102,0.1712810430670494,False
matt olson,724,119.0,0.37094313453536754,0.37584745762711863,0.8512555555555557,0.8519011565022049,0.24033149171270718,0.23529411764705882,0.1710732925888695,False
jacob wilson,524,82.0,0.3665377176015474,0.371875,0.7986181998762449,0.7876890975482524,0.07442748091603053,0.06097560975609756,0.16659243028207066,False
michael conforto,480,76.0,0.28983228511530396,0.2855263157894737,0.6332810493347749,0.5987886382623224,0.24583333333333332,0.17105263157894737,0.1617631591166488,False
jake cronenworth,517,95.0,0.34597249508840866,0.3521739130434782,0.7455939418169846,0.7530913978494624,0.20502901353965183,0.23157894736842105,0.148787560961772,False
chandler simpson,441,77.0,0.3115825688073394,0.31842105263157894,0.6710150948622075,0.6466666666666667,0.09750566893424037,0.09090909090909091,0.14596557730169765,False
josh bell,536,78.0,0.3337121212121212,0.35000000000000003,0.7385906000167302,0.7127403846153846,0.1623134328358209,0.19230769230769232,0.14368883487736311,False
carson kelly,418,62.0,0.33920863309352517,0.33145161290322583,0.7611262488646684,0.7314754098360656,0.19138755980861244,0.12903225806451613,0.1375738085575339,False
xander bogaerts,557,105.0,0.326605504587156,0.32799999999999996,0.7173887449964681,0.7126436781609196,0.1687612208258528,0.17142857142857143,0.13756957680594822,False
mike tauchman,385,69.0,0.34986979166666665,0.3521739130434783,0.7567708333333334,0.7521493490542864,0.22077922077922077,0.2318840579710145,0.13178854573134036,False
randy arozarena,712,130.0,0.3407932011331445,0.341015625,0.7589205349106338,0.7581120943952802,0.26825842696629215,0.27692307692307694,0.13050827601465081,False
josé ramírez,673,118.0,0.38384615384615384,0.37546296296296294,0.8639589507852982,0.8444683908045978,0.1099554234769688,0.06779661016949153,0.12485321716247165,False
liam hicks,392,67.0,0.33025974025974025,0.32238805970149254,0.6914616363128665,0.6708697889861039,0.14285714285714285,0.1044776119402985,0.12108267484231805,False
elly de la cruz,701,120.0,0.3454876273653566,0.3420353982300885,0.7747000226398008,0.7650943396226415,0.2582025677603424,0.25,0.12106031417094167,False
casey schmitt,348,63.0,0.31286127167630057,0.3114754098360656,0.7087805605247466,0.686217008797654,0.23563218390804597,0.2222222222222222,0.118339377948816,False
nathan lukes,440,68.0,0.3325117370892019,0.3434426229508197,0.7283840190816935,0.696969696969697,0.13636363636363635,0.16176470588235295,0.11618368268445847,False
joey bart,334,56.0,0.325,0.32037037037037036,0.6912725072503078,0.6458333333333333,0.27844311377245506,0.23214285714285715,0.10999924930754568,False
tj friedl,687,114.0,0.34302496328928045,0.33938053097345133,0.7427180276098071,0.7081656124209316,0.16739446870451238,0.14912280701754385,0.09637988197847193,False
bryson stott,563,108.0,0.32262118491921005,0.3133333333333333,0.7169919961089215,0.6765791632485644,0.16163410301953818,0.12037037037037036,0.08937554326520403,False
sal frelick,594,92.0,0.3467687074829932,0.3532608695652174,0.7592549203373946,0.7153985255251079,0.132996632996633,0.16304347826086957,0.07187316951494442,False
eli white,272,61.0,0.3089887640449438,0.29152542372881357,0.6750396310707595,0.6710526315789473,0.25735294117647056,0.2459016393442623,0.06759686608149111,False
jung hoo lee,617,125.0,0.33368506493506495,0.3245967741935484,0.7366697739454673,0.6912873078082604,0.11507293354943274,0.088,0.06596905388144247,False
jacob young,365,63.0,0.28810198300283285,0.2808333333333334,0.5819284940411701,0.5474842767295598,0.17534246575342466,0.1746031746031746,0.05837589247850115,False
cam smith,495,79.0,0.3074036511156187,0.3050632911392405,0.6690323673643195,0.6559101444107684,0.2727272727272727,0.31645569620253167,0.05833906912864533,False
mauricio dubón,398,65.0,0.28743654822335024,0.28225806451612906,0.6443536516583439,0.6184558434690639,0.10552763819095477,0.12307692307692308,0.05833520929121373,False
ryan jeffers,466,70.0,0.33917748917748913,0.34347826086956523,0.7494465528146743,0.7157894736842105,0.19527896995708155,0.24285714285714285,0.055117576673246994,False
brooks baldwin,328,59.0,0.3140432098765432,0.30948275862068964,0.698592132505176,0.6449760765550239,0.2621951219512195,0.2542372881355932,0.05212997804346835,False
logan o'hoppe,454,91.0,0.2791111111111111,0.2702247191011236,0.6251817690805601,0.6007936507936508,0.30616740088105726,0.31868131868131866,0.04927290384110503,False
matt mclain,577,104.0,0.2963157894736842,0.29405940594059404,0.644891640866873,0.6030704194014908,0.28942807625649913,0.3076923076923077,0.04817136058195918,False
nico hoerner,651,99.0,0.33961240310077523,0.3275510204081633,0.7388921606698778,0.7163120567375887,0.07526881720430108,0.08080808080808081,0.045478879802730646,False
zach neto,555,100.0,0.34587912087912087,0.3281914893617021,0.7931610337972167,0.7306597057427622,0.26846846846846845,0.21,0.0390848667654419,False
luis urías,331,51.0,0.3125757575757576,0.30098039215686273,0.6537286324786324,0.6521120075937352,0.13293051359516617,0.17647058823529413,0.03189234838786086,False
victor scott,463,83.0,0.2850663716814159,0.2762820512820513,0.6031490787269682,0.5857142857142856,0.23974082073434125,0.27710843373493976,0.029696481387214015,False
connor norby,337,68.0,0.3215773809523809,0.3058823529411765,0.691462733696594,0.7210820895522387,0.26706231454005935,0.3382352941176471,0.024321532249934802,False
nolan jones,407,73.0,0.2779448621553885,0.2640845070422535,0.5961210143975891,0.5433053468846664,0.27764127764127766,0.2602739726027397,0.021198440271836056,False
daniel schneemann,422,78.0,0.29114832535885166,0.2814102564102564,0.6368953386103782,0.599924585218703,0.2772511848341232,0.2948717948717949,0.02096986861929455,False
kyle tucker,588,77.0,0.3767241379310345,0.36621621621621625,0.8489229737658202,0.8111205432937181,0.14965986394557823,0.16883116883116883,0.014295319375923616,False
jake burger,377,78.0,0.306781914893617,0.29545454545454547,0.6874204227145404,0.6476091476091477,0.2413793103448276,0.2564102564102564,0.012579215029745771,False
ketel marte,556,86.0,0.38905109489051093,0.3798780487804878,0.8946051838456902,0.8650507697346872,0.14928057553956833,0.18604651162790697,0.011133583428729273,False
alec bohm,504,93.0,0.34063745019920316,0.3293478260869565,0.7448241240825371,0.6793103448275861,0.1626984126984127,0.16129032258064516,-0.004406844788305213,False
andrés giménez,370,58.0,0.2774590163934426,0.26403508771929823,0.5990064580228515,0.5508760107816711,0.1783783783783784,0.1896551724137931,-0.004672417442428824,False
oneil cruz,545,84.0,0.31003717472118963,0.30062500000000003,0.6771186440677965,0.6079972062161689,0.3192660550458716,0.32142857142857145,-0.00515330033343285,False
cody bellinger,658,96.0,0.3550535987748851,0.33999999999999997,0.8154083204930662,0.7958931222167245,0.13677811550151975,0.17708333333333334,-0.006164490121505127,False
vinnie pasquantino,684,111.0,0.3528148148148148,0.34813084112149534,0.797521139812348,0.7474747474747474,0.1564327485380117,0.2072072072072072,-0.014380567552166913,False
tyler freeman,428,58.0,0.3287058823529411,0.3137931034482758,0.7185626107835619,0.6681914144968333,0.1191588785046729,0.13793103448275862,-0.02393400573466194,False
ben rice,531,74.0,0.36275992438563326,0.34864864864864864,0.8356241586791872,0.7898346107301331,0.18832391713747645,0.21621621621621623,-0.024619050075101505,False
nathaniel lowe,610,98.0,0.3105132450331126,0.2889473684210526,0.6898672492018147,0.6375718390804598,0.25901639344262295,0.25510204081632654,-0.030352798961204186,False
jackson merrill,485,86.0,0.337941787941788,0.3170588235294118,0.774166580073494,0.7403474903474904,0.22061855670103092,0.2441860465116279,-0.03378097862618328,False
jeremy peña,543,93.0,0.37551020408163266,0.3677777777777778,0.8414882428067012,0.7711021505376344,0.1712707182320442,0.20430107526881722,-0.03648185561180323,False
keibert ruiz,267,50.0,0.2796992481203008,0.254,0.595842547545334,0.5153191489361701,0.09737827715355805,0.06,-0.04987421274886783,False
colton cowser,360,57.0,0.2899441340782123,0.2785714285714286,0.6547655453618757,0.620701754385965,0.35555555555555557,0.43859649122807015,-0.061654070731732645,False
jared triolo,378,65.0,0.3201612903225806,0.30163934426229505,0.664514782161841,0.5816112608565438,0.20105820105820105,0.2,-0.06371073684890587,False
brent rooker,699,91.0,0.3579856115107914,0.34213483146067414,0.8154401233887849,0.7665158371040723,0.2217453505007153,0.27472527472527475,-0.0676320454117425,False
ryan o'hearn,547,76.0,0.362546468401487,0.3458333333333333,0.8004447687549949,0.7706477732793522,0.19926873857404023,0.27631578947368424,-0.07321254048282061,False
aaron judge,679,96.0,0.48909657320872274,0.4676829268292683,1.148925050611742,1.0426897769218424,0.23269513991163476,0.20833333333333334,-0.08266487935575786,False
mike trout,558,95.0,0.3530275229357798,0.3211764705882353,0.796237093871365,0.6798771121351767,0.3172043010752688,0.24210526315789474,-0.0846491814885734,False
masyn winn,538,87.0,0.3021495327102804,0.2720930232558139,0.6726500411071527,0.5880398671096345,0.1895910780669145,0.16091954022988506,-0.08667206409497585,False
michael harris,642,113.0,0.29889589905362773,0.2756880733944954,0.6794951472400899,0.6135321100917431,0.19937694704049844,0.22123893805309736,-0.08892947773765877,False
wilmer flores,465,101.0,0.3136069114470842,0.29,0.6850315163854356,0.6186813186813187,0.1870967741935484,0.2079207920792079,-0.09009705148763693,False
thomas saggese,295,55.0,0.28928571428571426,0.2657407407407407,0.6431880448318804,0.5967443581206067,0.28135593220338984,0.32727272727272727,-0.09147466678659494,False
cedric mullins,498,63.0,0.31002024291497976,0.28688524590163933,0.693463084408716,0.6185534591194968,0.2389558232931727,0.25396825396825395,-0.09319855404276021,False
maikel garcía,669,120.0,0.3538519637462236,0.3302521008403361,0.798984512166121,0.7417948311400032,0.12556053811659193,0.16666666666666666,-0.10140267494885655,False
lawrence butler,632,88.0,0.3184713375796178,0.3005681818181818,0.7075640063380869,0.6829545454545455,0.28322784810126583,0.38636363636363635,-0.10286954644846641,False
carlos santana,478,90.0,0.29143763213530655,0.2691011235955056,0.63021258169441,0.5727272727272728,0.1903765690376569,0.24444444444444444,-0.11161000021962542,False
shea langeliers,523,79.0,0.3675623800383877,0.33205128205128204,0.8645678645678646,0.8044420368364029,0.1950286806883365,0.20253164556962025,-0.12064836347860419,False
lourdes gurriel,547,86.0,0.3185321100917431,0.2877906976744186,0.7164221742388828,0.668024132730015,0.13893967093235832,0.18604651162790697,-0.12937303490560512,False
taylor walls,318,68.0,0.2856230031948882,0.263235294117647,0.6028108454263725,0.5863636363636364,0.22012578616352202,0.3382352941176471,-0.13018643642791022,False
jake meyers,382,65.0,0.34310344827586203,0.30703125,0.7265903777531684,0.6352785145888594,0.17539267015706805,0.15384615384615385,-0.13307828100607774,False
alex bregman,496,77.0,0.3650406504065041,0.34121621621621623,0.8211533797272337,0.7304695304695306,0.14112903225806453,0.16883116883116883,-0.13452200616789056,False
jackson holliday,650,94.0,0.3136996904024768,0.28440860215053765,0.6891167908694545,0.6217636503460651,0.2153846153846154,0.2553191489361702,-0.14124245273137334,False
salvador pérez,641,113.0,0.3198899371069182,0.2864864864864865,0.7297055660300455,0.6352288488210818,0.19500780031201248,0.19469026548672566,-0.15085808461307632,False
max kepler,475,89.0,0.3077991452991453,0.27732558139534885,0.6920798126845159,0.6117681845062093,0.1957894736842105,0.2247191011235955,-0.15213492687053334,False
spencer horwitz,411,66.0,0.3524509803921569,0.3323076923076923,0.7877244706512999,0.7272727272727273,0.17761557177615572,0.2727272727272727,-0.15530721969319666,False
christopher morel,306,56.0,0.30885245901639347,0.2625,0.6818469323213157,0.5961538461538461,0.3562091503267974,0.32142857142857145,-0.1570168295105987,False
teoscar hernández,537,84.0,0.3237430167597765,0.2970238095238095,0.7473801260235199,0.6534638554216867,0.24581005586592178,0.2857142857142857,-0.1674817301168244,False
julio rodríguez,710,133.0,0.3583926031294452,0.32131782945736437,0.798785137430245,0.6974308300395257,0.2140845070422535,0.21804511278195488,-0.1831135832548283,False
gabriel arias,471,83.0,0.2860341151385928,0.25617283950617287,0.6402499602606899,0.5501712328767123,0.34394904458598724,0.39759036144578314,-0.19326176203641893,False
víctor caratini,386,73.0,0.3251948051948052,0.2821917808219178,0.7330171358629132,0.6527472527472528,0.16839378238341968,0.1917808219178082,-0.20393694055461267,False
mike yastrzemski,558,103.0,0.3356363636363636,0.31313131313131315,0.7382688993139974,0.6075293575869215,0.18996415770609318,0.23300970873786409,-0.20467541730985722,False
brayan rocchio,385,79.0,0.2878306878306878,0.2642857142857143,0.6307034805067028,0.5202429149797572,0.1974025974025974,0.26582278481012656,-0.21100787490095047,False
willi castro,454,73.0,0.3065265486725664,0.28055555555555556,0.6791374254555039,0.6007827788649707,0.2444933920704846,0.3424657534246575,-0.2118236018251059,False
pedro pagés,389,62.0,0.29463350785340314,0.24833333333333335,0.6370323224579244,0.5277538107563992,0.2750642673521851,0.25806451612903225,-0.21229659489698866,False
michael toglia,338,62.0,0.27906626506024096,0.24833333333333335,0.6107201023731968,0.5420506912442395,0.3905325443786982,0.4838709677419355,-0.21451147329158454,False
kyle isbel,409,83.0,0.31287878787878787,0.28417721518987343,0.6560598517535126,0.5622647964420115,0.18092909535452323,0.25301204819277107,-0.2155174917908408,False
josé altuve,654,104.0,0.3454404945904173,0.3085858585858586,0.7744798073789021,0.6433566433566433,0.1636085626911315,0.16346153846153846,-0.2200337468376067,False
willson contreras,563,81.0,0.35393559928443646,0.32625000000000004,0.7934378778441358,0.6857142857142857,0.2522202486678508,0.32098765432098764,-0.22683766009054895,False
zach mckinstry,512,72.0,0.3417485265225933,0.3107142857142857,0.7730544721618722,0.6571974218190499,0.216796875,0.2638888888888889,-0.22798559974968374,False
eric wagaman,514,98.0,0.3050682261208577,0.25510204081632654,0.6767760149246339,0.5672394043528064,0.19455252918287938,0.1836734693877551,-0.2372132692146228,False
adolis garcía,549,92.0,0.2946788990825688,0.25166666666666665,0.6659900390752433,0.5830419580419581,0.24408014571949,0.29347826086956524,-0.23932087491429352,False
byron buxton,542,74.0,0.38125,0.34929577464788736,0.8814533887937362,0.7747009304386354,0.2730627306273063,0.33783783783783783,-0.24055993021414995,False
jurickson profar,373,60.0,0.35636856368563685,0.33070175438596494,0.7824564343163539,0.6470588235294117,0.1581769436997319,0.21666666666666667,-0.2448623466994495,False
luis arráez,677,114.0,0.32640364188163884,0.2818181818181818,0.7204624752001094,0.6025740025740025,0.0310192023633678,0.043859649122807015,-0.2528083922879752,False
alex call,324,67.0,0.3540064102564103,0.3131147540983607,0.7454102660172348,0.6363061353573687,0.1697530864197531,0.208955223880597,-0.25478004403478205,False
andrew benintendi,472,78.0,0.3317596566523605,0.29121621621621624,0.7385873719614737,0.5666108085462924,0.17372881355932204,0.14102564102564102,-0.2567787944725277,False
jonah heim,435,86.0,0.28032407407407406,0.2447058823529412,0.6020678343389374,0.4973544973544973,0.20229885057471264,0.27906976744186046,-0.269265210071264,False
luis robert,431,72.0,0.31129411764705883,0.28214285714285714,0.6634026474365307,0.5456349206349207,0.25754060324825984,0.3472222222222222,-0.2734816383645902,False
junior caminero,653,111.0,0.37296466973886333,0.3381818181818182,0.8491252069983439,0.727768189663003,0.1883614088820827,0.25225225225225223,-0.2737691107465039,False
michael taylor,325,53.0,0.27586206896551724,0.237,0.6262897826895489,0.5118898623279099,0.3384615384615385,0.39622641509433965,-0.27539323958012296,False
miguel vargas,570,94.0,0.3193661971830986,0.27180851063829786,0.7174603174603175,0.6060075093867334,0.1736842105263158,0.20212765957446807,-0.27630673546752466,False
elías díaz,283,61.0,0.278804347826087,0.23559322033898306,0.6070390746226548,0.46726487205051515,0.26148409893992935,0.2786885245901639,-0.28321999906918205,False
corey seager,445,80.0,0.3842528735632184,0.34256756756756757,0.8615599382202686,0.7429104477611941,0.18876404494382024,0.2375,-0.28379057515541284,False
edgar quero,403,71.0,0.3165012406947891,0.2640845070422535,0.6903289720903221,0.58125,0.1761786600496278,0.19718309859154928,-0.2865952494949334,False
ty france,492,83.0,0.3142418032786885,0.2603658536585366,0.6798077893018606,0.5873944119558154,0.16869918699186992,0.20481927710843373,-0.28768168663691784,False
andrew mccutchen,553,90.0,0.31988950276243094,0.2850574712643678,0.6992860734803347,0.5968253968253968,0.2115732368896926,0.3111111111111111,-0.2898957274643931,False
ian happ,654,89.0,0.34362519201228875,0.2914772727272727,0.7653137320487582,0.6308988764044944,0.22477064220183487,0.2247191011235955,-0.2963849848234262,False
kyle manzardo,532,101.0,0.33487712665406427,0.27929292929292926,0.769342953947554,0.6423788446260357,0.25,0.24752475247524752,-0.29877250290092033,False
starling marte,329,50.0,0.3389570552147239,0.29489795918367345,0.7490624868326803,0.6288561936402468,0.2066869300911854,0.26,-0.30267102117621614,False
tommy edman,367,74.0,0.3070054945054945,0.23972602739726026,0.657754583827991,0.5254273504273504,0.15803814713896458,0.10810810810810811,-0.3037441181209571,False
joey ortiz,508,76.0,0.28209255533199196,0.236,0.5905783645080693,0.5033333333333334,0.14566929133858267,0.23684210526315788,-0.3104725731258861,False
max muncy,599,91.0,0.33875838926174495,0.2906593406593406,0.7728150031618888,0.6486111111111111,0.24373956594323873,0.2857142857142857,-0.31359775837863496,False
austin riley,447,74.0,0.3251121076233184,0.27671232876712326,0.7373016557433598,0.6215753424657534,0.28635346756152125,0.33783783783783783,-0.3142895723115981,False
ben williamson,295,58.0,0.28505154639175256,0.24298245614035088,0.6039846724411971,0.5007974481658692,0.21694915254237288,0.3103448275862069,-0.3173400040891188,False
seiya suzuki,642,83.0,0.3529641185647426,0.3128048780487805,0.8177098800365326,0.7121637233866975,0.24922118380062305,0.3493975903614458,-0.32001960492142345,False
tyler stephenson,342,65.0,0.3305882352941177,0.2915384615384615,0.7409313094931824,0.6162087912087912,0.3391812865497076,0.4307692307692308,-0.33208752424859894,False
andy pages,617,105.0,0.3425774877650897,0.2931372549019608,0.7722991157247212,0.6077380952380953,0.21231766612641814,0.21904761904761905,-0.33539927920105256,False
yainer diaz,570,95.0,0.31838365896980464,0.266304347826087,0.6986295163665195,0.5543859649122806,0.16666666666666666,0.18947368421052632,-0.3378993860664487,False
lars nootbaar,583,92.0,0.31191709844559584,0.25674157303370787,0.6879179942384235,0.5597171293871137,0.20411663807890223,0.2391304347826087,-0.3440157964163135,False
austin wells,449,71.0,0.309375,0.2549295774647887,0.7167879139770257,0.5913419913419914,0.26057906458797325,0.30985915492957744,-0.3538963798809313,False
nick castellanos,590,97.0,0.3094548551959114,0.24473684210526317,0.6958679132086791,0.5305997552019583,0.22542372881355932,0.1958762886597938,-0.3639319650328538,False
santiago espinal,330,55.0,0.26984615384615385,0.20277777777777775,0.5728357451129729,0.4337606837606838,0.11212121212121212,0.10909090909090909,-0.3692459654608384,False
heliot ramos,695,119.0,0.32757619738751814,0.2711206896551724,0.7309143686502177,0.5786696514230892,0.2273381294964029,0.2605042016806723,-0.38242916548162714,False
henry davis,283,54.0,0.24482142857142855,0.1823529411764706,0.5141414141414141,0.3450834879406308,0.26855123674911663,0.25925925925925924,-0.383394265966165,False
willy adames,687,126.0,0.32991202346041054,0.2764227642276423,0.7426169707373548,0.5672590776773403,0.2590975254730713,0.2777777777777778,-0.38435627174608616,False
jarren duran,697,113.0,0.34870129870129873,0.29189189189189185,0.7745571658615137,0.6246428571428572,0.242467718794835,0.2920353982300885,-0.4005733261485973,False
dillon dingler,470,76.0,0.33650963597430406,0.28175675675675677,0.7512350035285815,0.6064414768263944,0.23404255319148937,0.3026315789473684,-0.40659710996118187,False
marcell ozuna,592,102.0,0.3453231292517007,0.2831683168316832,0.7599997187139602,0.5993552843656458,0.24324324324324326,0.27450980392156865,-0.4188828169838956,False
brandon marsh,427,86.0,0.35011904761904766,0.2916666666666667,0.7846202995508615,0.6564679771718454,0.25526932084309134,0.3488372093023256,-0.4301279155089803,False
kyle stowers,457,85.0,0.3952433628318584,0.32743902439024386,0.9155410650520106,0.7333333333333334,0.2735229759299781,0.27058823529411763,-0.4349901472391832,False
kyle teel,297,50.0,0.3616554054054054,0.3030612244897959,0.7873383801165673,0.6084480303749407,0.25925925925925924,0.3,-0.44001107887915003,False
ramón urías,392,64.0,0.3044987146529563,0.2359375,0.6808655799949572,0.5563492063492064,0.22448979591836735,0.296875,-0.44650423947125706,False
colson montgomery,284,55.0,0.36696113074204945,0.2898148148148148,0.8414685022945348,0.6712121212121211,0.29225352112676056,0.2909090909090909,-0.46335333938053475,False
austin hays,417,70.0,0.34048780487804875,0.27205882352941174,0.7701783627411537,0.553968253968254,0.2541966426858513,0.24285714285714285,-0.4767626199277473,False
jo adell,573,103.0,0.3410839160839161,0.2796116504854369,0.7782882383208484,0.5936587400917814,0.26352530541012215,0.32038834951456313,-0.48125133576305335,False
trevor story,655,110.0,0.3336166924265842,0.27075471698113207,0.7401102703296868,0.5432827686438368,0.26717557251908397,0.3090909090909091,-0.4872443727829602,False
ramón laureano,489,74.0,0.3769072164948454,0.3047297297297297,0.8556421141017866,0.6471069310979349,0.23721881390593047,0.22972972972972974,-0.4878796092312164,False
jasson domínguez,430,67.0,0.32780373831775705,0.26515151515151514,0.7207678883071553,0.4967268918565069,0.26744186046511625,0.29850746268656714,-0.5123692655428216,False
brice turang,659,109.0,0.3603053435114504,0.28598130841121494,0.7955969162707295,0.5921153111874762,0.2276176024279211,0.23853211009174313,-0.5129002962146533,False
josh smith,564,99.0,0.3252244165170557,0.256701030927835,0.6994452940158117,0.5204822097378278,0.17553191489361702,0.24242424242424243,-0.5181804059798576,False
chase meidroth,505,85.0,0.3083,0.23433734939759035,0.6493413173652695,0.47380952380952385,0.1405940594059406,0.2,-0.5295992348627764,False
jake mangum,429,69.0,0.3243436754176611,0.25149253731343285,0.6972058467253492,0.5329380764163373,0.14918414918414918,0.2318840579710145,-0.536354187866659,False
gavin lux,505,75.0,0.32942345924453276,0.2472972972972973,0.7219742063492063,0.5036465036465037,0.22178217821782178,0.21333333333333335,-0.5473427513393532,False
eugenio suárez,660,102.0,0.356030534351145,0.26649999999999996,0.8229957789507234,0.6313043478260869,0.296969696969697,0.3137254901960784,-0.574054753629524,False
isaac collins,442,75.0,0.3594965675057208,0.282,0.7794537226061933,0.5845559845559846,0.2081447963800905,0.29333333333333333,-0.6052434173930314,False
riley greene,656,96.0,0.34732415902140673,0.25684210526315787,0.8074126328111622,0.5928030303030303,0.30640243902439024,0.3229166666666667,-0.6112535288618822,False
lenyn sosa,544,93.0,0.32532347504621073,0.2418478260869565,0.7288073788073788,0.5118577075098814,0.23345588235294118,0.27956989247311825,-0.61769804807237,False
jazz chisholm,531,69.0,0.35926275992438567,0.267910447761194,0.8151202409757543,0.5925747348119575,0.2787193973634652,0.2898550724637681,-0.6202542161842094,False
mark vientos,463,63.0,0.3124190064794817,0.22063492063492063,0.7046748468779545,0.45387662705149967,0.24838012958963282,0.23809523809523808,-0.637083128013552,False
romy gonzalez,341,69.0,0.3777286135693216,0.27941176470588236,0.8307539682539682,0.6049590755897929,0.2375366568914956,0.2318840579710145,-0.6371777223445088,False
dansby swanson,638,93.0,0.3240157480314961,0.23655913978494625,0.716728801803364,0.4870600414078675,0.2601880877742947,0.3010752688172043,-0.64831993693684,False
taylor ward,664,113.0,0.3466012084592145,0.2598214285714286,0.7932868672046955,0.5629960770002737,0.2635542168674699,0.3185840707964602,-0.663168827758892,False
gleyber torres,629,80.0,0.3406698564593301,0.24625,0.7482278916284093,0.5076923076923077,0.16057233704292528,0.175,-0.6645156862684318,False
drake baldwin,446,77.0,0.3585201793721973,0.26103896103896107,0.8099429773570281,0.5885073830279309,0.15246636771300448,0.18181818181818182,-0.6693498468783079,False
brandon lowe,556,93.0,0.345,0.26,0.7836007130124777,0.5498678536653221,0.26798561151079137,0.3333333333333333,-0.6722988694125018,False
josh lowe,436,67.0,0.2931395348837209,0.20075757575757575,0.6493039598373482,0.4238805970149254,0.25,0.3283582089552239,-0.7105716627562745,False
ryan mountcastle,357,54.0,0.3058823529411765,0.21944444444444444,0.6580681701163629,0.4537037037037037,0.27450980392156865,0.4074074074074074,-0.7184286486092841,False
myles straw,299,58.0,0.32152777777777775,0.2111111111111111,0.6806300486760887,0.429769392033543,0.16722408026755853,0.15517241379310345,-0.7221345243454318,False
paul goldschmidt,534,81.0,0.3327324478178368,0.2205128205128205,0.7317854809591736,0.44753086419753085,0.18726591760299627,0.13580246913580246,-0.7310121742658909,False
rafael devers,732,121.0,0.3773676880222841,0.2834862385321101,0.8493019275806162,0.5573232323232323,0.2609289617486339,0.2809917355371901,-0.7429887735399683,False
josh jung,511,93.0,0.31210629921259847,0.21032608695652175,0.6835835681399258,0.4656647116324536,0.25048923679060664,0.3333333333333333,-0.7491136580866156,False
michael busch,586,83.0,0.3820446735395189,0.28795180722891567,0.8738287539261489,0.6104336043360434,0.23208191126279865,0.30120481927710846,-0.7621398716339309,False
bryan reynolds,654,104.0,0.3217791411042945,0.21990291262135922,0.7215527415560388,0.4587912087912088,0.26452599388379205,0.3173076923076923,-0.7778336284193323,False
freddie freeman,628,104.0,0.38360258481421644,0.27142857142857146,0.8700790464855581,0.5653912050256996,0.20382165605095542,0.19230769230769232,-0.8086075810677119,False
royce lewis,406,64.0,0.30669975186104215,0.1921875,0.6674024922281145,0.32785087719298245,0.19704433497536947,0.25,-0.9478274336598012,False
francisco álvarez,277,54.0,0.35667870036101085,0.23333333333333336,0.7865046520501306,0.46296296296296297,0.26353790613718414,0.3148148148148148,-0.9640039597198531,False
brett baty,432,74.0,0.33747099767981437,0.20067567567567568,0.7505350645644575,0.4336075205640423,0.25,0.2702702702702703,-0.9798154235841641,False
miguel andújar,341,60.0,0.3655325443786982,0.2232758620689655,0.8243872853086318,0.48333333333333334,0.1436950146627566,0.18333333333333332,-1.0635700829493258,False
brandon nimmo,652,96.0,0.3354615384615385,0.1794736842105263,0.7637555948236638,0.39101123595505616,0.21625766871165644,0.2604166666666667,-1.1789195777432337,False
jj bleday,344,62.0,0.3080409356725146,0.15583333333333332,0.6983694361876905,0.3239940387481371,0.2616279069767442,0.3387096774193548,-1.2034443479073273,False
matt chapman,536,93.0,0.34634831460674154,0.1809782608695652,0.7706766917293233,0.38509316770186336,0.23507462686567165,0.27956989247311825,-1.2416957987599393,False
kerry carpenter,464,52.0,0.3506521739130435,0.17254901960784316,0.7891122159807175,0.34558823529411764,0.22844827586206898,0.23076923076923078,-1.3337148814964714,False
ronald acuña,412,58.0,0.40882352941176475,0.2290909090909091,0.9352272074452805,0.47586206896551725,0.24514563106796117,0.25862068965517243,-1.3776706446246074,False
